ccn,ccn_lat,ccn_lng,county,county_border_lat,county_border_lng,distance
150125,41.55065099999999,-87.506187,17093,41.71954822183391,-88.60185099402905,57.75389231180769
150125,41.55065099999999,-87.506187,17093,41.71982602307737,-88.57666914280412,56.48516327015244
150125,41.55065099999999,-87.506187,17093,41.72010316976481,-88.55148032593819,55.217544301190706
150125,41.55065099999999,-87.506187,17093,41.720657938937634,-88.52624998681915,53.95346712867875
150125,41.55065099999999,-87.506187,17093,41.721351811794634,-88.50105111402448,52.69498819658225
150125,41.55065099999999,-87.506187,17093,41.72135168917683,-88.47626544588573,51.44870337597322
150125,41.55065099999999,-87.506187,17093,41.72168738000512,-88.45097253587616,50.18396884867886
150125,41.55065099999999,-87.506187,17093,41.722044884324575,-88.42607583917719,48.94161357706389
150125,41.55065099999999,-87.506187,17093,41.722322662426464,-88.40080346843945,47.681431232285384
150125,41.55065099999999,-87.506187,17093,41.72259981396461,-88.37553516259952,46.42391537800025
150125,41.55065099999999,-87.506187,17093,41.72287720336054,-88.3510096210781,45.20607422969016
150125,41.55065099999999,-87.506187,17093,41.723310336848115,-88.32592159705011,43.96589223264391
150125,41.55065099999999,-87.506187,17093,41.723835521937374,-88.30066784906774,42.72254569415427
150125,41.55065099999999,-87.506187,17093,41.72412510588373,-88.27539033469172,41.477145755264615
150125,41.55065099999999,-87.506187,17093,41.71657502686901,-88.26137209706704,40.63691208240798
150125,41.55065099999999,-87.506187,17093,41.69802732222981,-88.26067743708334,40.265066200415
150125,41.55065099999999,-87.506187,17093,41.67942601817363,-88.26031100234485,39.946606244267635
150125,41.55065099999999,-87.506187,17093,41.660823411855404,-88.25994495433716,39.667226485878395
150125,41.55065099999999,-87.506187,17093,41.64225435421144,-88.25921273515357,39.409453125859194
150125,41.55065099999999,-87.506187,17093,41.623677066985,-88.25855911228282,39.19595132848114
150125,41.55065099999999,-87.506187,17093,41.605083677422314,-88.25774690644536,39.01524855158975
150125,41.55065099999999,-87.506187,17093,41.58648858481299,-88.25701572594708,38.880348320844874
150125,41.55065099999999,-87.506187,17093,41.56793207827418,-88.25609954863424,38.77806212342403
150125,41.55065099999999,-87.506187,17093,41.54953262791702,-88.25536650266281,38.72738753526047
150125,41.55065099999999,-87.506187,17093,41.53096931140456,-88.25463314857987,38.71882956311116
150125,41.55065099999999,-87.506187,17093,41.51242402585713,-88.25401942920723,38.75881459775227
150125,41.55065099999999,-87.506187,17093,41.493834366828445,-88.25333703498137,38.83782491712239
150125,41.55065099999999,-87.506187,17093,41.47524534281197,-88.25262036678966,38.95726695448467
150125,41.55065099999999,-87.506187,17093,41.4626683619773,-88.26073077158593,39.50108321093743
150125,41.55065099999999,-87.506187,17093,41.461962825385726,-88.28586592951783,40.79377520148634
150125,41.55065099999999,-87.506187,17093,41.461409190193315,-88.3108575259757,42.07807893465474
150125,41.55065099999999,-87.506187,17093,41.460865497043756,-88.33605785386038,43.37352408299194
150125,41.55065099999999,-87.506187,17093,41.46056679656624,-88.36121635241656,44.66490715958324
150125,41.55065099999999,-87.506187,17093,41.46017193679125,-88.3863719813893,45.957664433751404
150125,41.55065099999999,-87.506187,17093,41.459617368578336,-88.4115488294051,47.253530076881894
150125,41.55065099999999,-87.506187,17093,41.45906249185476,-88.43672477900702,48.549750661544174
150125,41.55065099999999,-87.506187,17093,41.45841366535045,-88.4618957656964,49.846948891803216
150125,41.55065099999999,-87.506187,17093,41.457813924633,-88.48702746531389,51.14199730086911
150125,41.55065099999999,-87.506187,17093,41.45767514442901,-88.51221895940988,52.43632427414675
150125,41.55065099999999,-87.506187,17093,41.45767535259279,-88.53743117145211,53.73094170889542
150125,41.55065099999999,-87.506187,17093,41.45741650344152,-88.56263265049934,55.02765898711929
150125,41.55065099999999,-87.506187,17093,41.45706011339862,-88.5878374605665,56.3256966918422
150125,41.55065099999999,-87.506187,17093,41.46956240337203,-88.59630889271538,56.663769186031004
150125,41.55065099999999,-87.506187,17093,41.48815118898597,-88.59696856992903,56.57723541625014
150125,41.55065099999999,-87.506187,17093,41.50673812241603,-88.59763984955222,56.520351859485096
150125,41.55065099999999,-87.506187,17093,41.52531610295382,-88.59837070795948,56.49569748823998
150125,41.55065099999999,-87.506187,17093,41.54387028011322,-88.59944770580607,56.518103916771786
150125,41.55065099999999,-87.506187,17093,41.56241370504594,-88.59983674651403,56.53400443108674
150125,41.55065099999999,-87.506187,17093,41.58077582923326,-88.60038541970768,56.58675992864432
150125,41.55065099999999,-87.506187,17093,41.59908915580335,-88.60098685697682,56.67040148389738
150125,41.55065099999999,-87.506187,17093,41.61767259963352,-88.60185000646369,56.79698113255293
150125,41.55065099999999,-87.506187,17093,41.63627329054213,-88.60233981575512,56.93316003828991
150125,41.55065099999999,-87.506187,17093,41.65485148552184,-88.60240028310821,57.07574249241259
150125,41.55065099999999,-87.506187,17093,41.673453143426585,-88.60276115805992,57.262311977881936
150125,41.55065099999999,-87.506187,17093,41.692055942115914,-88.60301329539003,57.471479455248556
150125,41.55065099999999,-87.506187,17093,41.71066126036494,-88.60344366080294,57.71756415293855
150125,41.55065099999999,-87.506187,17031,41.68556573169327,-88.02920000178553,28.570232191407275
150125,41.55065099999999,-87.506187,17031,41.685565833699506,-88.00698476058588,27.488362311021316
150125,41.55065099999999,-87.506187,17031,41.68612071071456,-87.9847526824939,26.42463521473721
150125,41.55065099999999,-87.506187,17031,41.688208429364956,-87.96432561444739,25.493947464986608
150125,41.55065099999999,-87.506187,17031,41.696769116347454,-87.94595913469352,24.849267127651945
150125,41.55065099999999,-87.506187,17031,41.708715810020536,-87.93380665386138,24.629879416177193
150125,41.55065099999999,-87.506187,17031,41.716464607272336,-87.918179135592,24.15730367239446
150125,41.55065099999999,-87.506187,17031,41.72951943407923,-87.91489042916591,24.449142122537378
150125,41.55065099999999,-87.506187,17031,41.7458672530826,-87.91547418031553,25.061873201170275
150125,41.55065099999999,-87.506187,17031,41.76222890647437,-87.91602345625711,25.708721186287608
150125,41.55065099999999,-87.506187,17031,41.77856428177409,-87.91657449726802,26.3871481205841
150125,41.55065099999999,-87.506187,17031,41.79486248116992,-87.91730562351118,27.101288509056797
150125,41.55065099999999,-87.506187,17031,41.81119670395226,-87.91785585310997,27.837163806875633
150125,41.55065099999999,-87.506187,17031,41.82756995893718,-87.91858847625905,28.60743809482189
150125,41.55065099999999,-87.506187,17031,41.84357401647476,-87.9195035540156,29.3903826275142
150125,41.55065099999999,-87.506187,17031,41.8598698917071,-87.91987095730752,30.18781118203548
150125,41.55065099999999,-87.506187,17031,41.87619432759236,-87.92042043008281,31.013497989708657
150125,41.55065099999999,-87.506187,17031,41.89259722267894,-87.92060331705399,31.84904277509456
150125,41.55065099999999,-87.506187,17031,41.90889098250761,-87.92041898618552,32.68443411609739
150125,41.55065099999999,-87.506187,17031,41.925173561475475,-87.92023590906307,33.5362423526629
150125,41.55065099999999,-87.506187,17031,41.94159101039984,-87.920235133306,34.416857245391526
150125,41.55065099999999,-87.506187,17031,41.957528866848705,-87.92005405492003,35.279972059007505
150125,41.55065099999999,-87.506187,17031,41.9739258061297,-87.92042023190832,36.198201284845354
150125,41.55065099999999,-87.506187,17031,41.99034176306292,-87.92058308109907,37.12332517461082
150125,41.55065099999999,-87.506187,17031,41.993489160241225,-87.9378761497963,37.81798353070387
150125,41.55065099999999,-87.506187,17031,41.99315410420186,-87.96024403951856,38.48849856620997
150125,41.55065099999999,-87.506187,17031,41.99279533083529,-87.98254425370315,39.17799516674815
150125,41.55065099999999,-87.506187,17031,41.99265631515934,-88.00487240385861,39.90119931524315
150125,41.55065099999999,-87.506187,17031,41.992518095378564,-88.02724748664315,40.64573454653061
150125,41.55065099999999,-87.506187,17031,41.991717532812785,-88.04942518619056,41.36849696435138
150125,41.55065099999999,-87.506187,17031,41.99099203598888,-88.07179943707777,42.12068335454282
150125,41.55065099999999,-87.506187,17031,41.99018270065036,-88.09385263396423,42.87496725761115
150125,41.55065099999999,-87.506187,17031,41.989327380821,-88.1161938214151,43.65436383252688
150125,41.55065099999999,-87.506187,17031,41.98851092737319,-88.13841551116126,44.44730599724911
150125,41.55065099999999,-87.506187,17031,41.98794073049502,-88.1607099001046,45.26949617151134
150125,41.55065099999999,-87.506187,17031,41.987663045808404,-88.18269006689778,46.106610178894535
150125,41.55065099999999,-87.506187,17031,41.98710867282145,-88.20489085550675,46.95261980807781
150125,41.55065099999999,-87.506187,17031,41.98674246985176,-88.22716490292039,47.82214089587695
150125,41.55065099999999,-87.506187,17031,41.98641999284887,-88.24954434276978,48.70932299387793
150125,41.55065099999999,-87.506187,17031,41.99290885825039,-88.26305748019787,49.532127087979156
150125,41.55065099999999,-87.506187,17031,42.009273600309996,-88.2632719761869,50.24184846397063
150125,41.55065099999999,-87.506187,17031,42.025622293197465,-88.2632410464505,50.95637461091391
150125,41.55065099999999,-87.506187,17031,42.04202711839046,-88.26342434022679,51.696551070411076
150125,41.55065099999999,-87.506187,17031,42.0584468695436,-88.26342366745843,52.444405572530044
150125,41.55065099999999,-87.506187,17031,42.06700169202073,-88.25222267723878,52.41546663075975
150125,41.55065099999999,-87.506187,17031,42.07279410806391,-88.23797012613954,52.15478885307674
150125,41.55065099999999,-87.506187,17031,42.0892095389999,-88.23833538396441,52.95515229692767
150125,41.55065099999999,-87.506187,17031,42.10562525361369,-88.23842778019836,53.75768109882452
150125,41.55065099999999,-87.506187,17031,42.12190656933803,-88.23833523201266,54.55870776105108
150125,41.55065099999999,-87.506187,17031,42.1383215943429,-88.23833571639679,55.38098923811391
150125,41.55065099999999,-87.506187,17031,42.15424674502383,-88.23765556708628,56.165628061896754
150125,41.55065099999999,-87.506187,17031,42.15424654129728,-88.2151960700423,55.39799686095782
150125,41.55065099999999,-87.506187,17031,42.154246783552594,-88.19273608721801,54.64402595237255
150125,41.55065099999999,-87.506187,17031,42.15424670148749,-88.17027729255226,53.9043037900965
150125,41.55065099999999,-87.506187,17031,42.15424668151196,-88.14781646401349,53.17933898863507
150125,41.55065099999999,-87.506187,17031,42.15424662575962,-88.12535678874646,52.46984441625509
150125,41.55065099999999,-87.506187,17031,42.154107979358045,-88.10335572189786,51.78272676100509
150125,41.55065099999999,-87.506187,17031,42.15396930987506,-88.0809777788345,51.10021628424966
150125,41.55065099999999,-87.506187,17031,42.15383071889098,-88.05856452212282,50.43373481005588
150125,41.55065099999999,-87.506187,17031,42.15370164252672,-88.03618477380877,49.786536087759224
150125,41.55065099999999,-87.506187,17031,42.153691818591476,-88.01372896338331,49.16267596445704
150125,41.55065099999999,-87.506187,17031,42.153691860608525,-87.99126998385599,48.55879315292802
150125,41.55065099999999,-87.506187,17031,42.15355325765818,-87.96883456140156,47.96744385705932
150125,41.55065099999999,-87.506187,17031,42.153136932458615,-87.94652637880384,47.383135078969424
150125,41.55065099999999,-87.506187,17031,42.153090961069886,-87.92407953842095,46.83910592878121
150125,41.55065099999999,-87.506187,17031,42.15299834294407,-87.90183158535017,46.31909279547405
150125,41.55065099999999,-87.506187,17031,42.15299818185436,-87.87937219671149,45.82301049798953
150125,41.55065099999999,-87.506187,17031,42.15285985609673,-87.85692540443233,45.342461371228765
150125,41.55065099999999,-87.506187,17031,42.15272072656045,-87.83447675175314,44.88640124683488
150125,41.55065099999999,-87.506187,17031,42.15258231785412,-87.81206419732027,44.45638126503831
150125,41.55065099999999,-87.506187,17031,42.15244329509981,-87.78992786339869,44.0570235904589
150125,41.55065099999999,-87.506187,17031,42.15234672560717,-87.76748100443838,43.681585884884136
150125,41.55065099999999,-87.506187,17031,42.15305716189963,-87.74515378380383,43.388862898531755
150125,41.55065099999999,-87.506187,17031,42.15340760764502,-87.7227081171725,43.099237407011735
150125,41.55065099999999,-87.506187,17031,42.153168360558844,-87.70025131189563,42.79908005542748
150125,41.55065099999999,-87.506187,17031,42.15285765273523,-87.67779641878576,42.52340178194286
150125,41.55065099999999,-87.506187,17031,42.15254306594317,-87.65534172771464,42.27725442384403
150125,41.55065099999999,-87.506187,17031,42.15226026436438,-87.63288611501322,42.06358089516924
150125,41.55065099999999,-87.506187,17031,42.152151140290655,-87.61042667959356,41.89258027766096
150125,41.55065099999999,-87.506187,17031,42.15212533732577,-87.58796785937248,41.75860189642429
150125,41.55065099999999,-87.506187,17031,42.15209565383007,-87.56550905708264,41.65599087160972
150125,41.55065099999999,-87.506187,17031,42.152062089808965,-87.54305027523213,41.58497940334039
150125,41.55065099999999,-87.506187,17031,42.152027527937264,-87.52059116367327,41.54592828915467
150125,41.55065099999999,-87.506187,17031,42.152019374803565,-87.49813312910278,41.540821406669245
150125,41.55065099999999,-87.506187,17031,42.15192821031156,-87.47567370589377,41.56211877054633
150125,41.55065099999999,-87.506187,17031,42.15183326905207,-87.45321591969238,41.615239606242106
150125,41.55065099999999,-87.506187,17031,42.15173434338857,-87.43075661931104,41.70005637745598
150125,41.55065099999999,-87.506187,17031,42.15163192977414,-87.4082989251501,41.8163976731642
150125,41.55065099999999,-87.506187,17031,42.151525347786205,-87.38584133425631,41.96395968860424
150125,41.55065099999999,-87.506187,17031,42.151407863268176,-87.36338309882879,42.14196310607444
150125,41.55065099999999,-87.506187,17031,42.15128005230874,-87.34092415616587,42.3500671051048
150125,41.55065099999999,-87.506187,17031,42.151148754576354,-87.3184668378721,42.58826692376325
150125,41.55065099999999,-87.506187,17031,42.15101318274386,-87.29600806530928,42.856041706536026
150125,41.55065099999999,-87.506187,17031,42.15087412471969,-87.27355092186988,43.152855597201466
150125,41.55065099999999,-87.506187,17031,42.15077905765566,-87.25109259591895,43.481276212099594
150125,41.55065099999999,-87.506187,17031,42.150616282575186,-87.22863605146615,43.833255919010014
150125,41.55065099999999,-87.506187,17031,42.150455967672144,-87.20617880894874,44.212813069070535
150125,41.55065099999999,-87.506187,17031,42.1503198327585,-87.183719691487,44.62066087509924
150125,41.55065099999999,-87.506187,17031,42.15018021282926,-87.16126220285962,45.05421122698785
150125,41.55065099999999,-87.506187,17031,42.150036424611116,-87.13880484256653,45.51271278791273
150125,41.55065099999999,-87.506187,17031,42.14959955823018,-87.11636079932288,45.97718542029925
150125,41.55065099999999,-87.506187,17031,42.13700476999316,-87.11442664618419,45.241096525625885
150125,41.55065099999999,-87.506187,17031,42.12088154894215,-87.11868830726158,44.148524024962015
150125,41.55065099999999,-87.506187,17031,42.104773960927936,-87.12305407694303,43.05660337048079
150125,41.55065099999999,-87.506187,17031,42.08861474320095,-87.12679691847583,41.97867315842455
150125,41.55065099999999,-87.506187,17031,42.07248730948782,-87.13101525437744,40.8940196158861
150125,41.55065099999999,-87.506187,17031,42.05636337313209,-87.13524550808756,39.81203418725648
150125,41.55065099999999,-87.506187,17031,42.04023710084074,-87.13946619016336,38.73311886736643
150125,41.55065099999999,-87.506187,17031,42.02411047113064,-87.14368499030225,37.65746666394771
150125,41.55065099999999,-87.506187,17031,42.00798463501354,-87.14790176275034,36.585439309223894
150125,41.55065099999999,-87.506187,17031,41.992898126608225,-87.15026284320979,35.627904317008344
150125,41.55065099999999,-87.506187,17031,41.97673973785002,-87.15423138929604,34.5692292649247
150125,41.55065099999999,-87.506187,17031,41.960582009118724,-87.1582043828158,33.51538912246143
150125,41.55065099999999,-87.506187,17031,41.94442440103515,-87.16217396225606,32.467045291149134
150125,41.55065099999999,-87.506187,17031,41.92827280063848,-87.16618376123819,31.42382749652546
150125,41.55065099999999,-87.506187,17031,41.91212917403501,-87.170254102349,30.385774918542506
150125,41.55065099999999,-87.506187,17031,41.8959705199886,-87.1741930015822,29.35791933600646
150125,41.55065099999999,-87.506187,17031,41.87980946363473,-87.1781256572215,28.338196310112444
150125,41.55065099999999,-87.506187,17031,41.86366097128255,-87.18214360211026,27.325460728334264
150125,41.55065099999999,-87.506187,17031,41.8475336201167,-87.18627893687734,26.319934971094874
150125,41.55065099999999,-87.506187,17031,41.831384548865074,-87.19028693318106,25.328291583005942
150125,41.55065099999999,-87.506187,17031,41.81523601192293,-87.19429778149635,24.34898333838694
150125,41.55065099999999,-87.506187,17031,41.79908768637607,-87.19830677444591,23.383708676296376
150125,41.55065099999999,-87.506187,17031,41.78293957078253,-87.20231391330258,22.434275703140855
150125,41.55065099999999,-87.506187,17031,41.76678472106475,-87.20625998787686,21.504646254446737
150125,41.55065099999999,-87.506187,17031,41.76087151194462,-87.22217895009847,20.63213217824473
150125,41.55065099999999,-87.506187,17031,41.76065768295252,-87.24451025012901,19.819198612032572
150125,41.55065099999999,-87.506187,17031,41.76060509434606,-87.26684284724195,19.04977505866981
150125,41.55065099999999,-87.506187,17031,41.7605568204704,-87.28917596862112,18.320807306098782
150125,41.55065099999999,-87.506187,17031,41.76046634918555,-87.3115090973372,17.63469463956913
150125,41.55065099999999,-87.506187,17031,41.760372491864594,-87.33384052747614,16.99895915432451
150125,41.55065099999999,-87.506187,17031,41.76027488340285,-87.35617346421844,16.419335356100056
150125,41.55065099999999,-87.506187,17031,41.76019667397009,-87.37850662076741,15.903460127233911
150125,41.55065099999999,-87.506187,17031,41.760244714332266,-87.4008394735585,15.464636376724425
150125,41.55065099999999,-87.506187,17031,41.76028889794595,-87.4231723558352,15.100962116344872
150125,41.55065099999999,-87.506187,17031,41.76033037718445,-87.44550512362117,14.818050840457433
150125,41.55065099999999,-87.506187,17031,41.7603889504752,-87.4678385121772,14.621939725966774
150125,41.55065099999999,-87.506187,17031,41.760442987164055,-87.49017043928986,14.514670158499488
150125,41.55065099999999,-87.506187,17031,41.7599783078704,-87.51211938313125,14.462258270434042
150125,41.55065099999999,-87.506187,17031,41.75191687055414,-87.52374265188114,13.931679642612428
150125,41.55065099999999,-87.506187,17031,41.73550453664195,-87.52393915092769,12.801361336704797
150125,41.55065099999999,-87.506187,17031,41.71909546864197,-87.5241889116794,11.672144152347899
150125,41.55065099999999,-87.506187,17031,41.702868368037,-87.52448912424393,10.55660023944808
150125,41.55065099999999,-87.506187,17031,41.68646298297818,-87.52485511641396,9.430439196129017
150125,41.55065099999999,-87.506187,17031,41.67010358107048,-87.52485547022741,8.307173093013002
150125,41.55065099999999,-87.506187,17031,41.6537014618925,-87.52485474056873,7.1830889075346525
150125,41.55065099999999,-87.506187,17031,41.63729386653082,-87.5250393256933,6.063465214022399
150125,41.55065099999999,-87.506187,17031,41.62089341074755,-87.52522141979212,4.950562452891163
150125,41.55065099999999,-87.506187,17031,41.604549253832516,-87.52522157368166,3.850678809180915
150125,41.55065099999999,-87.506187,17031,41.58832660604535,-87.52540411263783,2.7854431980318703
150125,41.55065099999999,-87.506187,17031,41.57193857244056,-87.52522203655695,1.769178757772206
150125,41.55065099999999,-87.506187,17031,41.55553490587026,-87.52540604061423,1.0491616122184326
150125,41.55065099999999,-87.506187,17031,41.53912516651777,-87.52540480797968,1.273140152574158
150125,41.55065099999999,-87.506187,17031,41.52272075604442,-87.52503907977609,2.16149926378811
150125,41.55065099999999,-87.506187,17031,41.506325575630925,-87.52518743688805,3.2155075455479762
150125,41.55065099999999,-87.506187,17031,41.48992545045837,-87.5254056419969,4.310691534881048
150125,41.55065099999999,-87.506187,17031,41.47356400513371,-87.52558918640295,5.418430639909595
150125,41.55065099999999,-87.506187,17031,41.47015843549671,-87.54356547247022,5.886488196864728
150125,41.55065099999999,-87.506187,17031,41.47001985075893,-87.56580307057784,6.366165704381227
150125,41.55065099999999,-87.506187,17031,41.47001999478376,-87.58804546702386,6.996207923585508
150125,41.55065099999999,-87.506187,17031,41.46988151155701,-87.61020644618937,7.750773995338317
150125,41.55065099999999,-87.506187,17031,41.46974291162894,-87.63243299945766,8.59503198058694
150125,41.55065099999999,-87.506187,17031,41.4697429727037,-87.65467236423802,9.498488256388184
150125,41.55065099999999,-87.506187,17031,41.469658477310745,-87.67690244735401,10.453298152429046
150125,41.55065099999999,-87.506187,17031,41.46960380266442,-87.69905136353167,11.439368174352348
150125,41.55065099999999,-87.506187,17031,41.46974311001137,-87.72126968578146,12.449960038106592
150125,41.55065099999999,-87.506187,17031,41.46974244002087,-87.74351046205463,13.487856254501711
150125,41.55065099999999,-87.506187,17031,41.46974253973921,-87.76575069403792,14.542645068327591
150125,41.55065099999999,-87.506187,17031,41.46988143643666,-87.78798834127467,15.60737271159748
150125,41.55065099999999,-87.506187,17031,41.48461029847447,-87.79021265295488,15.38152594811644
150125,41.55065099999999,-87.506187,17031,41.50101555129858,-87.79039592939043,15.091750305830965
150125,41.55065099999999,-87.506187,17031,41.51742337328951,-87.79039635368325,14.873463310628233
150125,41.55065099999999,-87.506187,17031,41.53383266544364,-87.79039664279435,14.739314699324508
150125,41.55065099999999,-87.506187,17031,41.547135474565934,-87.79246658483076,14.800946910219604
150125,41.55065099999999,-87.506187,17031,41.558489371637044,-87.79959728398316,15.17589846939818
150125,41.55065099999999,-87.506187,17031,41.558096974295836,-87.8218254207118,16.32335202203449
150125,41.55065099999999,-87.506187,17031,41.55781969146416,-87.84406148006053,17.471676276797808
150125,41.55065099999999,-87.506187,17031,41.55740873043398,-87.86626363605107,18.618192511925805
150125,41.55065099999999,-87.506187,17031,41.55705511050042,-87.88850569499195,19.767033389699716
150125,41.55065099999999,-87.506187,17031,41.55753726813908,-87.90943088017163,20.84905461807694
150125,41.55065099999999,-87.506187,17031,41.57387750447373,-87.90979808622347,20.921575106390577
150125,41.55065099999999,-87.506187,17031,41.59027241080607,-87.9103467402029,21.06422422736033
150125,41.55065099999999,-87.506187,17031,41.60657658612391,-87.91071227748805,21.255898313026673
150125,41.55065099999999,-87.506187,17031,41.622817748612206,-87.91126194444327,21.513178997017867
150125,41.55065099999999,-87.506187,17031,41.63917653806702,-87.91181246810349,21.827480623460115
150125,41.55065099999999,-87.506187,17031,41.64358400247079,-87.92777630444543,22.703761253544688
150125,41.55065099999999,-87.506187,17031,41.64313472472283,-87.95005998271607,23.80181825927557
150125,41.55065099999999,-87.506187,17031,41.64270627018242,-87.97232003082476,24.90390005554441
150125,41.55065099999999,-87.506187,17031,41.64218501107476,-87.99457739133938,26.008489871442645
150125,41.55065099999999,-87.506187,17031,41.641735426966406,-88.01667594350168,27.11005114118524
150125,41.55065099999999,-87.506187,17031,41.649713862986516,-88.02791728095568,27.804055631538024
150125,41.55065099999999,-87.506187,17031,41.6660282811275,-88.02865026502339,28.135653982727273
150125,41.55065099999999,-87.506187,17031,41.68229939980707,-88.02901613324998,28.489088823058847
150125,41.55065099999999,-87.506187,17037,41.71954822183391,-88.60185099402905,57.75389231180769
150125,41.55065099999999,-87.506187,17037,41.75716218820898,-88.60203427511172,58.327375648003255
150125,41.55065099999999,-87.506187,17037,41.7947766233801,-88.6022858304591,59.013147095035265
150125,41.55065099999999,-87.506187,17037,41.83234078726853,-88.60221597033403,59.787219787705325
150125,41.55065099999999,-87.506187,17037,41.86990258472103,-88.60166725016677,60.63941787318529
150125,41.55065099999999,-87.506187,17037,41.907503380725075,-88.6013007190751,61.59890499412831
150125,41.55065099999999,-87.506187,17037,41.94512883474532,-88.6013018658278,62.66924719248787
150125,41.55065099999999,-87.506187,17037,41.98275138210214,-88.60130035591183,63.82730337042431
150125,41.55065099999999,-87.506187,17037,42.0203790065635,-88.60154735778218,65.0798517781159
150125,41.55065099999999,-87.506187,17037,42.05800709284443,-88.60185028927049,66.41298681306831
150125,41.55065099999999,-87.506187,17037,42.08558357487675,-88.58829888978858,66.84489980651118
150125,41.55065099999999,-87.506187,17037,42.12275866435854,-88.58848177467902,68.2922482273707
150125,41.55065099999999,-87.506187,17037,42.15352206985182,-88.59750662768829,69.90505534218646
150125,41.55065099999999,-87.506187,17037,42.153414337681184,-88.64897868454509,72.04510721198436
150125,41.55065099999999,-87.506187,17037,42.15355330221179,-88.70045104139625,74.2274257986007
150125,41.55065099999999,-87.506187,17037,42.15355352720729,-88.75192484197598,76.43407729511856
150125,41.55065099999999,-87.506187,17037,42.153552793435225,-88.8033092825213,78.66404738280579
150125,41.55065099999999,-87.506187,17037,42.15304211305365,-88.85477272373033,80.90453461772407
150125,41.55065099999999,-87.506187,17037,42.15269091997016,-88.9062233506844,83.17386409523961
150125,41.55065099999999,-87.506187,17037,42.139203786124355,-88.9397284606794,84.22433986245966
150125,41.55065099999999,-87.506187,17037,42.101570285004236,-88.93936155152225,83.00346026691545
150125,41.55065099999999,-87.506187,17037,42.06506039456552,-88.9405252903231,81.95099793852093
150125,41.55065099999999,-87.506187,17037,42.02859028688429,-88.94192642572575,80.97579303518104
150125,41.55065099999999,-87.506187,17037,41.99109813309051,-88.94210902462127,79.98375953193565
150125,41.55065099999999,-87.506187,17037,41.95347409733817,-88.94174300843045,79.03454363456534
150125,41.55065099999999,-87.506187,17037,41.915858943148436,-88.94155863467753,78.1692754071485
150125,41.55065099999999,-87.506187,17037,41.878241131016956,-88.94137650050847,77.38164888160577
150125,41.55065099999999,-87.506187,17037,41.840618890555454,-88.94137695959598,76.68302339837643
150125,41.55065099999999,-87.506187,17037,41.802998975947474,-88.94137578876983,76.06675038114233
150125,41.55065099999999,-87.506187,17037,41.7653806738484,-88.94150883955568,75.54169367446636
150125,41.55065099999999,-87.506187,17037,41.727764318776465,-88.94155967728337,75.0987490349294
150125,41.55065099999999,-87.506187,17037,41.69108039409874,-88.93972784925859,74.6549582111027
150125,41.55065099999999,-87.506187,17037,41.65347808027695,-88.93917795416407,74.35532837469837
150125,41.55065099999999,-87.506187,17037,41.62878176446574,-88.92182328111276,73.33181238053534
150125,41.55065099999999,-87.506187,17037,41.630109634071744,-88.87077221084589,70.7082820771275
150125,41.55065099999999,-87.506187,17037,41.63133258243525,-88.8197184740449,68.08536644598209
150125,41.55065099999999,-87.506187,17037,41.63091649140788,-88.76865723726097,65.45457237095421
150125,41.55065099999999,-87.506187,17037,41.630500259878865,-88.71758192272218,62.82361095426985
150125,41.55065099999999,-87.506187,17037,41.63091657693925,-88.66692361502223,60.21961882663615
150125,41.55065099999999,-87.506187,17037,41.63133237459362,-88.61589383931546,57.597744500852436
150125,41.55065099999999,-87.506187,17037,41.65884288515149,-88.60256386775303,57.11780258723186
150125,41.55065099999999,-87.506187,17037,41.69644896912069,-88.60312497520144,57.52760216606955
150125,41.55065099999999,-87.506187,17089,41.72468053433843,-88.2619597550305,40.82499628409282
150125,41.55065099999999,-87.506187,17089,41.741369203505016,-88.26195971532829,41.17436218903274
150125,41.55065099999999,-87.506187,17089,41.75808773835687,-88.26232601052955,41.57122910505399
150125,41.55065099999999,-87.506187,17089,41.77467801646701,-88.26227070548448,41.97265533448938
150125,41.55065099999999,-87.506187,17089,41.79139810868833,-88.26287419880332,42.43601111255843
150125,41.55065099999999,-87.506187,17089,41.808080653303975,-88.26305857239592,42.90471075521419
150125,41.55065099999999,-87.506187,17089,41.82483090809084,-88.26287507278766,43.38389826827372
150125,41.55065099999999,-87.506187,17089,41.84153381948858,-88.26287390619305,43.89524420411984
150125,41.55065099999999,-87.506187,17089,41.858278549433614,-88.26269255071009,44.42387945383952
150125,41.55065099999999,-87.506187,17089,41.874893963676,-88.26269165530907,44.97971090944698
150125,41.55065099999999,-87.506187,17089,41.89159521606133,-88.26250875508488,45.55268770079434
150125,41.55065099999999,-87.506187,17089,41.90833504626865,-88.26250830391581,46.156759847779355
150125,41.55065099999999,-87.506187,17089,41.925037435096776,-88.2626909743761,46.78806016156235
150125,41.55065099999999,-87.506187,17089,41.941608959157485,-88.26305779072575,47.441705951602415
150125,41.55065099999999,-87.506187,17089,41.958269351943365,-88.26275912521828,48.0894720439209
150125,41.55065099999999,-87.506187,17089,41.97496060121987,-88.26320320104637,48.78766929243631
150125,41.55065099999999,-87.506187,17089,41.99170410965777,-88.26305849388636,49.481178679389245
150125,41.55065099999999,-87.506187,17089,42.00840778561667,-88.26324157932355,50.20315069011178
150125,41.55065099999999,-87.506187,17089,42.025095637174,-88.26324104278031,50.933083441135885
150125,41.55065099999999,-87.506187,17089,42.041839578489885,-88.2634246163511,51.68810104373946
150125,41.55065099999999,-87.506187,17089,42.058599037990106,-88.26342416061776,52.45142017692657
150125,41.55065099999999,-87.506187,17089,42.0670015282221,-88.25154999167349,52.39008551299316
150125,41.55065099999999,-87.506187,17089,42.07362394712883,-88.23800902892478,52.19571203978952
150125,41.55065099999999,-87.506187,17089,42.090379742363304,-88.23833623506009,53.01175051809443
150125,41.55065099999999,-87.506187,17089,42.10713137841963,-88.23833549520955,53.82827850478606
150125,41.55065099999999,-87.506187,17089,42.12375621804441,-88.23833469533498,54.65078418046499
150125,41.55065099999999,-87.506187,17089,42.1405110369234,-88.23833527419475,55.49147787013102
150125,41.55065099999999,-87.506187,17089,42.15424666921665,-88.24247371980033,56.33202419572789
150125,41.55065099999999,-87.506187,17089,42.15383045746131,-88.26390688239134,57.05850030835107
150125,41.55065099999999,-87.506187,17089,42.15369188174838,-88.28676198176935,57.86141822255706
150125,41.55065099999999,-87.506187,17089,42.15383052207509,-88.30936500159041,58.68131429791591
150125,41.55065099999999,-87.506187,17089,42.15396908572977,-88.33228378418178,59.524232727322655
150125,41.55065099999999,-87.506187,17089,42.15424668654196,-88.35519164865654,60.38459978537323
150125,41.55065099999999,-87.506187,17089,42.153969183321074,-88.37787276648844,61.22105219816197
150125,41.55065099999999,-87.506187,17089,42.153969122540424,-88.40067852263647,62.085726391016095
150125,41.55065099999999,-87.506187,17089,42.15383065880887,-88.42344495859221,62.95258680913009
150125,41.55065099999999,-87.506187,17089,42.15397079960589,-88.44601851564256,63.834137021465764
150125,41.55065099999999,-87.506187,17089,42.154108198284675,-88.46848244439163,64.72008163979928
150125,41.55065099999999,-87.506187,17089,42.15405585824755,-88.49139699552889,65.62405654383018
150125,41.55065099999999,-87.506187,17089,42.15383083052614,-88.51431700892695,66.52944381310537
150125,41.55065099999999,-87.506187,17089,42.15369200730473,-88.53716045867762,67.4438554444421
150125,41.55065099999999,-87.506187,17089,42.15369194275689,-88.5600837875212,68.37529657809903
150125,41.55065099999999,-87.506187,17089,42.15355344813403,-88.58300242969818,69.30839770015153
150125,41.55065099999999,-87.506187,17089,42.14093275183978,-88.5886659719599,69.02748092007675
150125,41.55065099999999,-87.506187,17089,42.124549210032974,-88.58848257962875,68.36328532428102
150125,41.55065099999999,-87.506187,17089,42.10824728036909,-88.58829853257232,67.71463464303274
150125,41.55065099999999,-87.506187,17089,42.09148723771116,-88.58829998441222,67.0690747637689
150125,41.55065099999999,-87.506187,17089,42.074726917648476,-88.58829992048733,66.43733913879322
150125,41.55065099999999,-87.506187,17089,42.06644702561588,-88.59988356797975,66.63370411091365
150125,41.55065099999999,-87.506187,17089,42.05126382985401,-88.60185030104844,66.17093022667616
150125,41.55065099999999,-87.506187,17089,42.03450696124564,-88.60166756021319,65.57178270326088
150125,41.55065099999999,-87.506187,17089,42.01774932221344,-88.60148503022766,64.98770696721502
150125,41.55065099999999,-87.506187,17089,42.00099109824538,-88.60142787413812,64.42476780625127
150125,41.55065099999999,-87.506187,17089,41.984233909944834,-88.60130097033424,63.87470272054307
150125,41.55065099999999,-87.506187,17089,41.96747887771385,-88.60145902856063,63.354155807004844
150125,41.55065099999999,-87.506187,17089,41.95072201823283,-88.60146681722097,62.84360489682024
150125,41.55065099999999,-87.506187,17089,41.93396659521142,-88.60130035127092,62.34227225995609
150125,41.55065099999999,-87.506187,17089,41.9172101244011,-88.60130188184617,61.866400210532134
150125,41.55065099999999,-87.506187,17089,41.90047542574625,-88.60148468442091,61.41783101708424
150125,41.55065099999999,-87.506187,17089,41.883720337786336,-88.6015683622319,60.982622681701976
150125,41.55065099999999,-87.506187,17089,41.86696536423631,-88.60166784233796,60.56716877881155
150125,41.55065099999999,-87.506187,17089,41.850213219027566,-88.60185081519185,60.17522019655598
150125,41.55065099999999,-87.506187,17089,41.83351607531196,-88.60221759153524,59.81327842785711
150125,41.55065099999999,-87.506187,17089,41.816761717479,-88.60221732888618,59.45231389123578
150125,41.55065099999999,-87.506187,17089,41.8000623554818,-88.6024008697259,59.121959329290654
150125,41.55065099999999,-87.506187,17089,41.78331039371881,-88.60221714519122,58.79318138882764
150125,41.55065099999999,-87.506187,17089,41.76655749468974,-88.6021931532618,58.49340199013077
150125,41.55065099999999,-87.506187,17089,41.749807109628094,-88.60203473747907,58.20838150402045
150125,41.55065099999999,-87.506187,17089,41.73305454066661,-88.60203451898249,57.952999745761865
150125,41.55065099999999,-87.506187,17089,41.71961145998,-88.5974410524693,57.531803837850084
150125,41.55065099999999,-87.506187,17089,41.719825493879696,-88.57478476158684,56.38998481317445
150125,41.55065099999999,-87.506187,17089,41.720102943028415,-88.55211955894465,55.249791287360864
150125,41.55065099999999,-87.506187,17089,41.720508885057335,-88.5294068436173,54.11036682838721
150125,41.55065099999999,-87.506187,17089,41.72111654067671,-88.50672858589515,52.977165800082744
150125,41.55065099999999,-87.506187,17089,41.72121286549187,-88.4844755371788,51.85922109571082
150125,41.55065099999999,-87.506187,17089,41.721491679162256,-88.46170665934507,50.71962056599282
150125,41.55065099999999,-87.506187,17089,41.721788573853665,-88.43930457017072,49.60038895130909
150125,41.55065099999999,-87.506187,17089,41.72217722994328,-88.41657460980434,48.46802731424672
150125,41.55065099999999,-87.506187,17089,41.722461480580236,-88.39384429949605,47.335902830698146
150125,41.55065099999999,-87.506187,17089,41.722738881482165,-88.37128144831976,46.214090737684316
150125,41.55065099999999,-87.506187,17089,41.722876954472035,-88.34906794248951,45.10937506170687
150125,41.55065099999999,-87.506187,17089,41.72329326428235,-88.32650284556523,43.99445944922679
150125,41.55065099999999,-87.506187,17089,41.72369908088177,-88.30376928316335,42.8736827945
150125,41.55065099999999,-87.506187,17089,41.724125706528106,-88.2810232395149,41.75562884017127
150125,41.55065099999999,-87.506187,17063,41.456981781558135,-88.59599037722768,56.745323444903725
150125,41.55065099999999,-87.506187,17063,41.436514891067276,-88.59562428425946,56.9139001536196
150125,41.55065099999999,-87.506187,17063,41.4160616777846,-88.59507472711753,57.10744705505923
150125,41.55065099999999,-87.506187,17063,41.39561840070914,-88.59448835841734,57.333152797689
150125,41.55065099999999,-87.506187,17063,41.3752052177096,-88.59379240688958,57.58660611431322
150125,41.55065099999999,-87.506187,17063,41.3547631252831,-88.59281892926245,57.859820228739004
150125,41.55065099999999,-87.506187,17063,41.334362464793934,-88.59158113881988,58.15206964878847
150125,41.55065099999999,-87.506187,17063,41.313968686992844,-88.59049559249618,58.484287960587594
150125,41.55065099999999,-87.506187,17063,41.29362810696751,-88.5895807940731,58.855678394643746
150125,41.55065099999999,-87.506187,17063,41.27318805243937,-88.58860337490802,59.257262029975664
150125,41.55065099999999,-87.506187,17063,41.2527326568162,-88.58811576500372,59.71375198641537
150125,41.55065099999999,-87.506187,17063,41.23228861075266,-88.58756616315912,60.19666250752326
150125,41.55065099999999,-87.506187,17063,41.211832408327794,-88.58719996601363,60.717680527474485
150125,41.55065099999999,-87.506187,17063,41.19137838261199,-88.5868337992316,61.26679419705867
150125,41.55065099999999,-87.506187,17063,41.170930155431726,-88.58665049509993,61.85172130512664
150125,41.55065099999999,-87.506187,17063,41.150472481893566,-88.58646677518188,62.46338200667178
150125,41.55065099999999,-87.506187,17063,41.130013032406886,-88.58628496068097,63.10090269555596
150125,41.55065099999999,-87.506187,17063,41.109549485747586,-88.5862852205894,63.77180254473864
150125,41.55065099999999,-87.506187,17063,41.10830674605738,-88.5606463277437,62.64907742614648
150125,41.55065099999999,-87.506187,17063,41.10841867819129,-88.5331194115214,61.402693796777925
150125,41.55065099999999,-87.506187,17063,41.108419141793526,-88.50551291259627,60.16476690175171
150125,41.55065099999999,-87.506187,17063,41.1088344956218,-88.47794275308415,58.922253346672626
150125,41.55065099999999,-87.506187,17063,41.10938927489064,-88.450378567969,57.68358457181391
150125,41.55065099999999,-87.506187,17063,41.110083112366844,-88.42285309224218,56.45046080264053
150125,41.55065099999999,-87.506187,17063,41.110776666217504,-88.39567542996669,55.241853912554696
150125,41.55065099999999,-87.506187,17063,41.11145956266531,-88.36813314422722,54.027819748232915
150125,41.55065099999999,-87.506187,17063,41.11214420282256,-88.3406020118987,52.82498776496658
150125,41.55065099999999,-87.506187,17063,41.1128572404499,-88.31305250991761,51.63176580413812
150125,41.55065099999999,-87.506187,17063,41.113550530775164,-88.28550397026041,50.451728162100515
150125,41.55065099999999,-87.506187,17063,41.11410572125561,-88.25792719183687,49.28964176703988
150125,41.55065099999999,-87.506187,17063,41.12220339140471,-88.24120529559868,48.25961106900209
150125,41.55065099999999,-87.506187,17063,41.142626703350416,-88.24199856674218,47.4359068047362
150125,41.55065099999999,-87.506187,17063,41.163043795707665,-88.24273038404958,46.63798631999622
150125,41.55065099999999,-87.506187,17063,41.18349089936488,-88.24346249259322,45.868424489589884
150125,41.55065099999999,-87.506187,17063,41.20390540910828,-88.244195541686,45.13120552807226
150125,41.55065099999999,-87.506187,17063,41.224348114316086,-88.24492751728738,44.425489489601496
150125,41.55065099999999,-87.506187,17063,41.24479819726036,-88.2454772604681,43.74546918287775
150125,41.55065099999999,-87.506187,17063,41.26520636273794,-88.2462092457922,43.11076162766238
150125,41.55065099999999,-87.506187,17063,41.284953102774445,-88.24694265569468,42.53328360811679
150125,41.55065099999999,-87.506187,17063,41.30530999413674,-88.24752274496535,41.96773416584188
150125,41.55065099999999,-87.506187,17063,41.32573963410041,-88.24804180088621,41.437364740485215
150125,41.55065099999999,-87.506187,17063,41.34620161044938,-88.24840688477465,40.94051590484142
150125,41.55065099999999,-87.506187,17063,41.36665893999242,-88.2489565252131,40.49610267616604
150125,41.55065099999999,-87.506187,17063,41.38706223341364,-88.24987232395466,40.11583959902237
150125,41.55065099999999,-87.506187,17063,41.40747228635737,-88.25042176136341,39.76344087877579
150125,41.55065099999999,-87.506187,17063,41.42784861754711,-88.25097215957348,39.45885408595235
150125,41.55065099999999,-87.506187,17063,41.44823461993247,-88.2517042779487,39.21158693906132
150125,41.55065099999999,-87.506187,17063,41.46266850636189,-88.25954794494722,39.440626747090924
150125,41.55065099999999,-87.506187,17063,41.461927806048315,-88.28721613649796,40.863200973706476
150125,41.55065099999999,-87.506187,17063,41.46129139144593,-88.31473794837942,42.277873945456285
150125,41.55065099999999,-87.506187,17063,41.46072689594295,-88.34246463601568,43.70295954699135
150125,41.55065099999999,-87.506187,17063,41.460449367022136,-88.37016050739918,45.124264242311334
150125,41.55065099999999,-87.506187,17063,41.45989428986885,-88.39783533800323,46.547880747921994
150125,41.55065099999999,-87.506187,17063,41.45933978898154,-88.42555148221197,47.974136831072855
150125,41.55065099999999,-87.506187,17063,41.45864625791647,-88.45324379486277,49.40094075629924
150125,41.55065099999999,-87.506187,17063,41.45795241256848,-88.48091293681858,50.82695162103033
150125,41.55065099999999,-87.506187,17063,41.45781379819839,-88.50863467386765,52.25108246545009
150125,41.55065099999999,-87.506187,17063,41.45767516462199,-88.53635880957302,53.67586931630168
150125,41.55065099999999,-87.506187,17063,41.45737031694978,-88.5640904251634,55.102942957485176
150125,41.55065099999999,-87.506187,17063,41.4570170134541,-88.59182943905545,56.531197365266095
150125,41.55065099999999,-87.506187,17197,41.20148937981515,-88.24419603308405,45.22061193294466
150125,41.55065099999999,-87.506187,17197,41.201766356318586,-88.21998988980275,44.15387156260232
150125,41.55065099999999,-87.506187,17197,41.202459847452694,-88.19590600259298,43.086364745924364
150125,41.55065099999999,-87.506187,17197,41.20292805559653,-88.17165506024155,42.0307289452646
150125,41.55065099999999,-87.506187,17197,41.20343131157659,-88.14748242803327,40.988360863932826
150125,41.55065099999999,-87.506187,17197,41.20398591802984,-88.12323735316161,39.95299112005188
150125,41.55065099999999,-87.506187,17197,41.20440304444202,-88.09907581837277,38.93997967958773
150125,41.55065099999999,-87.506187,17197,41.20481782532368,-88.07487456573985,37.93979527480462
150125,41.55065099999999,-87.506187,17197,41.20509541198842,-88.05062065008103,36.95921255516384
150125,41.55065099999999,-87.506187,17197,41.20523369008627,-88.02636460632519,36.00215584755916
150125,41.55065099999999,-87.506187,17197,41.21277096699682,-88.01198440647319,35.09799822785572
150125,41.55065099999999,-87.506187,17197,41.23071530874343,-88.01253367152935,34.30530663558161
150125,41.55065099999999,-87.506187,17197,41.24860398500504,-88.01290138098132,33.534743422550896
150125,41.55065099999999,-87.506187,17197,41.266564262773926,-88.01326743908534,32.78960694008082
150125,41.55065099999999,-87.506187,17197,41.28451771270486,-88.01381653343937,32.08320073269019
150125,41.55065099999999,-87.506187,17197,41.29261761729887,-88.0004781959819,31.19513460523457
150125,41.55065099999999,-87.506187,17197,41.29303332926485,-87.97623278323817,30.156007299621148
150125,41.55065099999999,-87.506187,17197,41.29338536529116,-87.95195149242188,29.1352122304042
150125,41.55065099999999,-87.506187,17197,41.293855162369915,-87.9276684296618,28.12842105278388
150125,41.55065099999999,-87.506187,17197,41.294225481029,-87.90338030630579,27.146923863541666
150125,41.55065099999999,-87.506187,17197,41.294583686330796,-87.87912890208209,26.191086610147273
150125,41.55065099999999,-87.506187,17197,41.294975581650675,-87.85484926102457,25.2589123149452
150125,41.55065099999999,-87.506187,17197,41.295253098710596,-87.83055859893666,24.361386751083998
150125,41.55065099999999,-87.506187,17197,41.29553053433753,-87.80626564981227,23.496915008612437
150125,41.55065099999999,-87.506187,17197,41.295807580410354,-87.78200184443314,22.670340067143062
150125,41.55065099999999,-87.506187,17197,41.296085180792616,-87.7577184073383,21.88413869659651
150125,41.55065099999999,-87.506187,17197,41.296224300533424,-87.73342859079973,21.151363856134246
150125,41.55065099999999,-87.506187,17197,41.29650096166866,-87.70913756860186,20.461560046821216
150125,41.55065099999999,-87.506187,17197,41.29663981398524,-87.68484174974803,19.836001026224995
150125,41.55065099999999,-87.506187,17197,41.29677840994773,-87.66055003066293,19.272512858678144
150125,41.55065099999999,-87.506187,17197,41.297055731288076,-87.63634631058434,18.769238722763333
150125,41.55065099999999,-87.506187,17197,41.29733359794314,-87.61206956597415,18.336847878825488
150125,41.55065099999999,-87.506187,17197,41.29747263548312,-87.58777262923688,17.991248897605015
150125,41.55065099999999,-87.506187,17197,41.297661731192626,-87.56347687079568,17.725041190270055
150125,41.55065099999999,-87.506187,17197,41.29788831822945,-87.53918532444315,17.542713209326337
150125,41.55065099999999,-87.506187,17197,41.30675065966763,-87.52668741474105,16.880527227838883
150125,41.55065099999999,-87.506187,17197,41.32471753655214,-87.52668702919998,15.642128684269933
150125,41.55065099999999,-87.506187,17197,41.34268319514442,-87.52650457084773,14.403577045814053
150125,41.55065099999999,-87.506187,17197,41.36064680757116,-87.52632073870615,13.165620503578756
150125,41.55065099999999,-87.506187,17197,41.378614870221604,-87.52632181859607,11.928791931286467
150125,41.55065099999999,-87.506187,17197,41.39657863430017,-87.52613791528607,10.692324869853584
150125,41.55065099999999,-87.506187,17197,41.41454732615867,-87.52613738853441,9.45770209321387
150125,41.55065099999999,-87.506187,17197,41.432497472593894,-87.52577101211332,8.223965853456725
150125,41.55065099999999,-87.506187,17197,41.45033276792139,-87.52595502189116,7.004410744769545
150125,41.55065099999999,-87.506187,17197,41.468291314400446,-87.52566933431378,5.777456520891208
150125,41.55065099999999,-87.506187,17197,41.47015549070785,-87.54740339890276,5.95483285132335
150125,41.55065099999999,-87.506187,17197,41.47001991770274,-87.57175918271317,6.52096117836427
150125,41.55065099999999,-87.506187,17197,41.46988117423174,-87.59603914717182,7.261281877679784
150125,41.55065099999999,-87.506187,17197,41.46988107315998,-87.62039629051473,8.125535180858007
150125,41.55065099999999,-87.506187,17197,41.46974261338261,-87.6447410811245,9.088160527649103
150125,41.55065099999999,-87.506187,17197,41.469742623543134,-87.6690986352801,10.111408205065715
150125,41.55065099999999,-87.506187,17197,41.46960401275899,-87.69335878844313,11.183509791082285
150125,41.55065099999999,-87.506187,17197,41.46974259528517,-87.71769407005526,12.284988722795989
150125,41.55065099999999,-87.506187,17197,41.469742840705344,-87.74205310586538,13.419274752208766
150125,41.55065099999999,-87.506187,17197,41.46974241339642,-87.76641010351508,14.574143120521919
150125,41.55065099999999,-87.506187,17197,41.47028943478702,-87.79021288001579,15.704861702536931
150125,41.55065099999999,-87.506187,17197,41.4882217125286,-87.79026875405141,15.311790444589581
150125,41.55065099999999,-87.506187,17197,41.5061902709212,-87.79039601718023,15.014013612264401
150125,41.55065099999999,-87.506187,17197,41.5241609214918,-87.79039557580026,14.80798951989088
150125,41.55065099999999,-87.506187,17197,41.53903271121354,-87.79223682665295,14.80976381878706
150125,41.55065099999999,-87.506187,17197,41.55699323630827,-87.79277700378287,14.820348179036017
150125,41.55065099999999,-87.506187,17197,41.558236091359966,-87.81509372593548,15.975864887141363
150125,41.55065099999999,-87.506187,17197,41.55795833011369,-87.83942718838364,17.232487979854817
150125,41.55065099999999,-87.506187,17197,41.557503604791556,-87.86374271636302,18.48808081425911
150125,41.55065099999999,-87.506187,17197,41.557072610451264,-87.88810190519877,19.74619117479813
150125,41.55065099999999,-87.506187,17197,41.55880283451633,-87.90943242734046,20.85110809785223
150125,41.55065099999999,-87.506187,17197,41.57670288471105,-87.9098270057457,20.938479472342078
150125,41.55065099999999,-87.506187,17197,41.594583784020244,-87.91052985785471,21.113656630076132
150125,41.55065099999999,-87.506187,17197,41.61252106688713,-87.91089546610993,21.342672232063897
150125,41.55065099999999,-87.506187,17197,41.63030420819349,-87.91162929385787,21.656028319665054
150125,41.55065099999999,-87.506187,17197,41.643856719134845,-87.9178306284428,22.21685982169834
150125,41.55065099999999,-87.506187,17197,41.64337195048043,-87.94222930324493,23.416849768804422
150125,41.55065099999999,-87.506187,17197,41.64284518543352,-87.96661459086063,24.621520501056498
150125,41.55065099999999,-87.506187,17197,41.64225616037712,-87.9909871981565,25.82982811746363
150125,41.55065099999999,-87.506187,17197,41.641735071694065,-88.01520914275768,27.036350792857007
150125,41.55065099999999,-87.506187,17197,41.65019625966334,-88.02791738534845,27.812182261176734
150125,41.55065099999999,-87.506187,17197,41.66807339367027,-88.02865013147536,28.175576449789958
150125,41.55065099999999,-87.506187,17197,41.68589605496295,-88.02920013405151,28.57762368052578
150125,41.55065099999999,-87.506187,17197,41.70381336320577,-88.02956599568344,29.01987514355698
150125,41.55065099999999,-87.506187,17197,41.72164103940592,-88.03029761870673,29.522285843562507
150125,41.55065099999999,-87.506187,17197,41.72857096890041,-88.04492768184258,30.404911394760827
150125,41.55065099999999,-87.506187,17197,41.72814809370888,-88.06921418190403,31.54442523599632
150125,41.55065099999999,-87.506187,17197,41.727593059171575,-88.09362539180165,32.69492490926713
150125,41.55065099999999,-87.506187,17197,41.7268162998101,-88.11779863828586,33.83637473703556
150125,41.55065099999999,-87.506187,17197,41.72648338928787,-88.14071762476694,34.93500830654114
150125,41.55065099999999,-87.506187,17197,41.72578958771057,-88.1643270189266,36.064302468702934
150125,41.55065099999999,-87.506187,17197,41.72551266430656,-88.18868925596713,37.24532036534842
150125,41.55065099999999,-87.506187,17197,41.72522831720824,-88.21299477562847,38.42828008502312
150125,41.55065099999999,-87.506187,17197,41.72495750602166,-88.23735018133308,39.61840797333849
150125,41.55065099999999,-87.506187,17197,41.72431091942327,-88.26141031011446,40.790482754189384
150125,41.55065099999999,-87.506187,17197,41.706366060034405,-88.26086015122166,40.421190900331624
150125,41.55065099999999,-87.506187,17197,41.688424539068194,-88.26049457063974,40.09615510178661
150125,41.55065099999999,-87.506187,17197,41.670455459914166,-88.26012754589897,39.80660030497279
150125,41.55065099999999,-87.506187,17197,41.65250199360412,-88.2595792265678,39.54486105016486
150125,41.55065099999999,-87.506187,17197,41.63456585199212,-88.25901354372594,39.31979624509983
150125,41.55065099999999,-87.506187,17197,41.61660902869778,-88.25824240895037,39.12198033909351
150125,41.55065099999999,-87.506187,17197,41.598648274874776,-88.25746742061405,38.962461520401455
150125,41.55065099999999,-87.506187,17197,41.58069764855299,-88.25673901635409,38.84438869808036
150125,41.55065099999999,-87.506187,17197,41.56281361596132,-88.25591543995964,38.760810611263175
150125,41.55065099999999,-87.506187,17197,41.54501139540844,-88.25511475514685,38.717610434900166
150125,41.55065099999999,-87.506187,17197,41.527117683079865,-88.25441754142858,38.719097223301404
150125,41.55065099999999,-87.506187,17197,41.509153507191364,-88.25383555891412,38.766352438413904
150125,41.55065099999999,-87.506187,17197,41.49119739862804,-88.2531696255334,38.84882624826959
150125,41.55065099999999,-87.506187,17197,41.473238680130386,-88.25258931291732,38.97504196188765
150125,41.55065099999999,-87.506187,17197,41.455281057638764,-88.25188654434707,39.13393259353458
150125,41.55065099999999,-87.506187,17197,41.437428798571574,-88.25133760661433,39.33765292299484
150125,41.55065099999999,-87.506187,17197,41.419503341030264,-88.25061789070577,39.57134143717722
150125,41.55065099999999,-87.506187,17197,41.40160932430325,-88.25025969832052,39.85967339751485
150125,41.55065099999999,-87.506187,17197,41.38371839918767,-88.24954316868377,40.16613914195751
150125,41.55065099999999,-87.506187,17197,41.36579617874298,-88.248956164919,40.51506932455076
150125,41.55065099999999,-87.506187,17197,41.3478386744377,-88.2484613421119,40.90384270896846
150125,41.55065099999999,-87.506187,17197,41.329878465653074,-88.24804089783697,41.32985311060904
150125,41.55065099999999,-87.506187,17197,41.311946881939605,-88.24767561532663,41.79019857554115
150125,41.55065099999999,-87.506187,17197,41.293990515115986,-88.24712500291473,42.27383494678868
150125,41.55065099999999,-87.506187,17197,41.276134951013255,-88.24657611766244,42.784940165652976
150125,41.55065099999999,-87.506187,17197,41.25888068702832,-88.24620888961584,43.31396874473147
150125,41.55065099999999,-87.506187,17197,41.24097406226495,-88.24547650677957,43.87459239278153
150125,41.55065099999999,-87.506187,17197,41.22302476684195,-88.2449060043673,44.471309193275204
150125,41.55065099999999,-87.506187,17197,41.205082409097436,-88.24419558821833,45.0878221391909
150125,41.55065099999999,-87.506187,17043,41.68556573169327,-88.02920000178553,28.570232191407275
150125,41.55065099999999,-87.506187,17043,41.68549021499492,-88.0164802365173,27.94842409367251
150125,41.55065099999999,-87.506187,17043,41.68570441188384,-88.00380921391631,27.337388444229337
150125,41.55065099999999,-87.506187,17043,41.685981976176336,-87.99107545579218,26.726897690834853
150125,41.55065099999999,-87.506187,17043,41.68732533031131,-87.9787334198806,26.163878952382476
150125,41.55065099999999,-87.506187,17043,41.68681427263686,-87.96682689826581,25.57851970193221
150125,41.55065099999999,-87.506187,17043,41.69265133792455,-87.95695210385962,25.2578721608421
150125,41.55065099999999,-87.506187,17043,41.69678405845188,-87.9459195229983,24.847814986257333
150125,41.55065099999999,-87.506187,17043,41.703881232772844,-87.94006203310204,24.776054615501906
150125,41.55065099999999,-87.506187,17043,41.70965525094439,-87.9312838454935,24.542021124172777
150125,41.55065099999999,-87.506187,17043,41.714822612555245,-87.92299602404367,24.32369876654359
150125,41.55065099999999,-87.506187,17043,41.71787589839059,-87.91442623421383,24.033388534549655
150125,41.55065099999999,-87.506187,17043,41.72724113771716,-87.91474245488085,24.363705811277434
150125,41.55065099999999,-87.506187,17043,41.73659800535214,-87.91510870951657,24.70846099913546
150125,41.55065099999999,-87.506187,17043,41.745934610493265,-87.9154742658112,25.06437120338035
150125,41.55065099999999,-87.506187,17043,41.755292170946724,-87.91570004554015,25.42647139661651
150125,41.55065099999999,-87.506187,17043,41.76465074824736,-87.91602375085917,25.803869757129036
150125,41.55065099999999,-87.506187,17043,41.77397317268443,-87.91638967943419,26.19208802176082
150125,41.55065099999999,-87.506187,17043,41.78328648332046,-87.91675677593835,26.589911943825022
150125,41.55065099999999,-87.506187,17043,41.792618350445316,-87.91712182973744,26.99792147707542
150125,41.55065099999999,-87.506187,17043,41.801938896752645,-87.91748988874859,27.414650783682745
150125,41.55065099999999,-87.506187,17043,41.81129733261921,-87.91786789232616,27.842119087502862
150125,41.55065099999999,-87.506187,17043,41.820646683498815,-87.91840520768788,28.28367781994698
150125,41.55065099999999,-87.506187,17043,41.82991864519819,-87.91877135580171,28.722865083717824
150125,41.55065099999999,-87.506187,17043,41.83902984702177,-87.91913729357732,29.161936142100476
150125,41.55065099999999,-87.506187,17043,41.84830975138652,-87.91932080236987,29.609179630142126
150125,41.55065099999999,-87.506187,17043,41.85765043112684,-87.91987073143036,30.07979056428237
150125,41.55065099999999,-87.506187,17043,41.866954640826656,-87.92023515793915,30.548314303812916
150125,41.55065099999999,-87.506187,17043,41.87632896672902,-87.92041903966958,31.020176860441552
150125,41.55065099999999,-87.506187,17043,41.88570167781528,-87.92060317170305,31.498210339604487
150125,41.55065099999999,-87.506187,17043,41.895087321034914,-87.92060222326965,31.976492447421787
150125,41.55065099999999,-87.506187,17043,41.90436311317657,-87.92023563370854,32.442571047607295
150125,41.55065099999999,-87.506187,17043,41.91373607206377,-87.92041824300884,32.93798403757688
150125,41.55065099999999,-87.506187,17043,41.923122160724326,-87.92041884162659,33.433298112061365
150125,41.55065099999999,-87.506187,17043,41.93237317487552,-87.92023557135758,33.92056948049058
150125,41.55065099999999,-87.506187,17043,41.94175949583204,-87.9202361455307,34.42600408845448
150125,41.55065099999999,-87.506187,17043,41.95114583596252,-87.92023514689194,34.936110225827385
150125,41.55065099999999,-87.506187,17043,41.96003343510774,-87.92035552479022,35.42704481219096
150125,41.55065099999999,-87.506187,17043,41.969418267814014,-87.92041972090728,35.9476231592057
150125,41.55065099999999,-87.506187,17043,41.978804379164814,-87.92041881365779,36.47040130870885
150125,41.55065099999999,-87.506187,17043,41.9881903924191,-87.92047024401259,36.99870365833364
150125,41.55065099999999,-87.506187,17043,41.99375605067423,-87.92540816589377,37.45893649809549
150125,41.55065099999999,-87.506187,17043,41.993488923703296,-87.93815202420568,37.82632901436816
150125,41.55065099999999,-87.506187,17043,41.99335046103107,-87.95094890075896,38.21021906843843
150125,41.55065099999999,-87.506187,17043,41.99307287926094,-87.96372362564351,38.593263441660206
150125,41.55065099999999,-87.506187,17043,41.99293365911493,-87.97645517467944,38.98975623180128
150125,41.55065099999999,-87.506187,17043,41.992795356930586,-87.98924983222277,39.3952850927022
150125,41.55065099999999,-87.506187,17043,41.99265641743301,-88.00197937286333,39.805414485036124
150125,41.55065099999999,-87.506187,17043,41.99251760683604,-88.01475943039377,40.22375941570529
150125,41.55065099999999,-87.506187,17043,41.99251769458091,-88.02757090918715,40.6567187553675
150125,41.55065099999999,-87.506187,17043,41.99222690566449,-88.0403664266738,41.08028745910683
150125,41.55065099999999,-87.506187,17043,41.99161797840672,-88.05295714179672,41.48676537246091
150125,41.55065099999999,-87.506187,17043,41.99111216636109,-88.06574336881309,41.911473126609145
150125,41.55065099999999,-87.506187,17043,41.99085345416524,-88.07846939315672,42.352256861811576
150125,41.55065099999999,-87.506187,17043,41.990298401754444,-88.09101334619938,42.777465877998004
150125,41.55065099999999,-87.506187,17043,41.98976894300305,-88.10379655920784,43.2182130658354
150125,41.55065099999999,-87.506187,17043,41.989327713086055,-88.11656149965802,43.668016949616984
150125,41.55065099999999,-87.506187,17043,41.988905435447535,-88.12922889180665,44.120302509124436
150125,41.55065099999999,-87.506187,17043,41.98835664951288,-88.1419847884517,44.575023942916715
150125,41.55065099999999,-87.506187,17043,41.98807930946023,-88.15470811023397,45.04605976106451
150125,41.55065099999999,-87.506187,17043,41.987801954907646,-88.16746130408592,45.52282278464071
150125,41.55065099999999,-87.506187,17043,41.98766340322549,-88.17988958787852,45.99767013421948
150125,41.55065099999999,-87.506187,17043,41.98752440252322,-88.19261885759161,46.48826436888591
150125,41.55065099999999,-87.506187,17043,41.98710871431465,-88.20530607099587,46.969022355176115
150125,41.55065099999999,-87.506187,17043,41.986969845589016,-88.21800161324684,47.46634452714798
150125,41.55065099999999,-87.506187,17043,41.98669247925293,-88.23079010367665,47.965182242268384
150125,41.55065099999999,-87.506187,17043,41.986553987708994,-88.24358186746174,48.47391090237394
150125,41.55065099999999,-87.506187,17043,41.9862762181229,-88.2563667734276,48.980069374156706
150125,41.55065099999999,-87.506187,17043,41.98165813111635,-88.26287433966806,49.051886887268395
150125,41.55065099999999,-87.506187,17043,41.972292704115844,-88.26305812498622,48.671850832643
150125,41.55065099999999,-87.506187,17043,41.96296005967043,-88.26287544782905,48.28357111948532
150125,41.55065099999999,-87.506187,17043,41.95360713016017,-88.26278854433001,47.90402661271511
150125,41.55065099999999,-87.506187,17043,41.944285765078234,-88.26314003288931,47.55000359977331
150125,41.55065099999999,-87.506187,17043,41.93490359978484,-88.26294871496492,47.17664259856787
150125,41.55065099999999,-87.506187,17043,41.92569934178738,-88.26269175238808,46.81321114335437
150125,41.55065099999999,-87.506187,17043,41.91636785358817,-88.26250918221454,46.454108695683175
150125,41.55065099999999,-87.506187,17043,41.90698175676992,-88.26250845088383,46.107146696756516
150125,41.55065099999999,-87.506187,17043,41.89761153589495,-88.2625091324487,45.76737096331448
150125,41.55065099999999,-87.506187,17043,41.88822567122143,-88.26250840132137,45.43366167725788
150125,41.55065099999999,-87.506187,17043,41.878895044506805,-88.26269141420373,45.116895555029906
150125,41.55065099999999,-87.506187,17043,41.869644186257794,-88.26250797689426,44.793400529004664
150125,41.55065099999999,-87.506187,17043,41.860261334187136,-88.26260027871022,44.48485071875653
150125,41.55065099999999,-87.506187,17043,41.8508864001393,-88.26267745367109,44.1832207647896
150125,41.55065099999999,-87.506187,17043,41.841503644111356,-88.26287409666728,43.89430707642457
150125,41.55065099999999,-87.506187,17043,41.83213946746457,-88.26305914778551,43.61314768792123
150125,41.55065099999999,-87.506187,17043,41.822785773300424,-88.26287462427979,43.32295721479366
150125,41.55065099999999,-87.506187,17043,41.81340445346579,-88.26304100495717,43.05612634001221
150125,41.55065099999999,-87.506187,17043,41.80402007455066,-88.26305753862707,42.79030760943424
150125,41.55065099999999,-87.506187,17043,41.79470688339162,-88.26287495042007,42.52520400372891
150125,41.55065099999999,-87.506187,17043,41.78532527751925,-88.26270160075276,42.26687516728126
150125,41.55065099999999,-87.506187,17043,41.77594784426567,-88.26250888750292,42.0161298730915
150125,41.55065099999999,-87.506187,17043,41.7667347293784,-88.2623248499804,41.77834845167347
150125,41.55065099999999,-87.506187,17043,41.75736620787102,-88.26232555480048,41.55426106390005
150125,41.55065099999999,-87.506187,17043,41.74798459799411,-88.26220295922074,41.33278722509997
150125,41.55065099999999,-87.506187,17043,41.73863303846998,-88.26196022039049,41.115095360438026
150125,41.55065099999999,-87.506187,17043,41.72931289488032,-88.26195879957407,40.9189683747151
150125,41.55065099999999,-87.506187,17043,41.724680832340916,-88.25569825524975,40.5162097773672
150125,41.55065099999999,-87.506187,17043,41.72481922611325,-88.24295300123997,39.891213763564764
150125,41.55065099999999,-87.506187,17043,41.72481890101965,-88.23026722148944,39.26732304504233
150125,41.55065099999999,-87.506187,17043,41.72495767887989,-88.2175120967908,38.6440102289638
150125,41.55065099999999,-87.506187,17043,41.72523475905349,-88.20493394165368,38.03354282755287
150125,41.55065099999999,-87.506187,17043,41.72544377124366,-88.19218159906242,37.4143876621949
150125,41.55065099999999,-87.506187,17043,41.725647971000946,-88.17942800017136,36.796432040299656
150125,41.55065099999999,-87.506187,17043,41.72578966833283,-88.16674594393284,36.181963812877605
150125,41.55065099999999,-87.506187,17043,41.7260672961801,-88.1541431381145,35.57594583297787
150125,41.55065099999999,-87.506187,17043,41.72648332271355,-88.14205977169148,34.999977369183334
150125,41.55065099999999,-87.506187,17043,41.72634488378054,-88.12990766269145,34.40899027993054
150125,41.55065099999999,-87.506187,17043,41.72676091587007,-88.11805122761467,33.84717942261914
150125,41.55065099999999,-87.506187,17043,41.727048685875346,-88.10551111037167,33.251116453976756
150125,41.55065099999999,-87.506187,17043,41.727593221571624,-88.0928137266984,32.65607111983631
150125,41.55065099999999,-87.506187,17043,41.72790446002142,-88.08008092036033,32.05563808653273
150125,41.55065099999999,-87.506187,17043,41.728148044254866,-88.06732555245782,31.45461846335119
150125,41.55065099999999,-87.506187,17043,41.72856393437534,-88.05467348958105,30.865551241391767
150125,41.55065099999999,-87.506187,17043,41.728668591162254,-88.04196506903672,30.26781016770429
150125,41.55065099999999,-87.506187,17043,41.728048257532926,-88.03048110085437,29.709514410930385
150125,41.55065099999999,-87.506187,17043,41.7186744728542,-88.03017564012977,29.43569237452597
150125,41.55065099999999,-87.506187,17043,41.7093481992396,-88.02993273012494,29.17789342046189
150125,41.55065099999999,-87.506187,17043,41.700105750124955,-88.02938197235467,28.91934597793608
150125,41.55065099999999,-87.506187,17043,41.69072649414399,-88.02919897523387,28.687417287442244
150125,41.55065099999999,-87.506187,17111,42.15424676217175,-88.19951161378931,54.87000784461959
150125,41.55065099999999,-87.506187,17111,42.1828048830496,-88.1995111375719,56.378383995375394
150125,41.55065099999999,-87.506187,17111,42.21136334412261,-88.19932791049794,57.90890134301557
150125,41.55065099999999,-87.506187,17111,42.239773453107645,-88.19877804127151,59.44600187511441
150125,41.55065099999999,-87.506187,17111,42.26802361688015,-88.1984129556212,61.004119856586144
150125,41.55065099999999,-87.506187,17111,42.29645212779848,-88.19896203672066,62.62111425244023
150125,41.55065099999999,-87.506187,17111,42.325017355170296,-88.19896278484255,64.24965152084292
150125,41.55065099999999,-87.506187,17111,42.35351171214702,-88.19852238138913,65.88067723108097
150125,41.55065099999999,-87.506187,17111,42.38205462869321,-88.19877916144313,67.5513853437358
150125,41.55065099999999,-87.506187,17111,42.41062723704276,-88.19877941161248,69.23290545292032
150125,41.55065099999999,-87.506187,17111,42.43906449957411,-88.19877913305692,70.92139408723769
150125,41.55065099999999,-87.506187,17111,42.467633610873726,-88.19914550039731,72.6408880251049
150125,41.55065099999999,-87.506187,17111,42.49518106114665,-88.20091609685048,74.34567795381274
150125,41.55065099999999,-87.506187,17111,42.49490346270903,-88.24015563450368,75.31523113000682
150125,41.55065099999999,-87.506187,17111,42.494764869702045,-88.27913534254598,76.32685574653311
150125,41.55065099999999,-87.506187,17111,42.49462619878422,-88.31838975873853,77.38455368971921
150125,41.55065099999999,-87.506187,17111,42.494608270466856,-88.35764530115112,78.48664153156047
150125,41.55065099999999,-87.506187,17111,42.49452179193168,-88.39689908485569,79.62052148592547
150125,41.55065099999999,-87.506187,17111,42.49473036172244,-88.43588930501589,80.79710625840457
150125,41.55065099999999,-87.506187,17111,42.49462604000766,-88.47514082493772,81.99663130972372
150125,41.55065099999999,-87.506187,17111,42.494764733762565,-88.51438853423555,83.2405808044007
150125,41.55065099999999,-87.506187,17111,42.49495663848886,-88.55364055511683,84.51716859734282
150125,41.55065099999999,-87.506187,17111,42.4950425589083,-88.59289650676652,85.81662590807227
150125,41.55065099999999,-87.506187,17111,42.49504232178172,-88.63215250367409,87.13883503264508
150125,41.55065099999999,-87.506187,17111,42.494475083946696,-88.67138443535819,88.45761831966718
150125,41.55065099999999,-87.506187,17111,42.491267160502304,-88.70733483021245,89.55487741636475
150125,41.55065099999999,-87.506187,17111,42.462697860000915,-88.70653857948582,88.11485952461884
150125,41.55065099999999,-87.506187,17111,42.43439675546244,-88.7062473320022,86.72719437215054
150125,41.55065099999999,-87.506187,17111,42.40582633461393,-88.70587011733069,85.34576411120055
150125,41.55065099999999,-87.506187,17111,42.377281339716305,-88.70568660861447,83.99645474272387
150125,41.55065099999999,-87.506187,17111,42.348710069811325,-88.70568609214331,82.67794743159007
150125,41.55065099999999,-87.506187,17111,42.32014846927133,-88.70568627629127,81.38639557339394
150125,41.55065099999999,-87.506187,17111,42.29157932192566,-88.7056857907906,80.12224607938784
150125,41.55065099999999,-87.506187,17111,42.26301481156991,-88.70550363216667,78.8801033352605
150125,41.55065099999999,-87.506187,17111,42.23448198446859,-88.70550282817464,77.67693508436369
150125,41.55065099999999,-87.506187,17111,42.20659077242028,-88.70550295634223,76.53163576055077
150125,41.55065099999999,-87.506187,17111,42.1780279540672,-88.7056866405238,75.3994787554041
150125,41.55065099999999,-87.506187,17111,42.1535532939773,-88.70010010589708,74.21248028156793
150125,41.55065099999999,-87.506187,17111,42.15341438084832,-88.66103797146653,72.5523379188942
150125,41.55065099999999,-87.506187,17111,42.15341458139061,-88.62197424461088,70.91580436331832
150125,41.55065099999999,-87.506187,17111,42.15355358774016,-88.58291348120024,69.30474540333792
150125,41.55065099999999,-87.506187,17111,42.15369142462588,-88.5438546082075,67.71503544484426
150125,41.55065099999999,-87.506187,17111,42.15396907863824,-88.50487608831989,66.1574298638783
150125,41.55065099999999,-87.506187,17111,42.15410758226907,-88.46582216809684,64.61541229295355
150125,41.55065099999999,-87.506187,17111,42.15383055157762,-88.42756982096049,63.11183076579327
150125,41.55065099999999,-87.506187,17111,42.153969361580536,-88.38878328320378,61.633457822291405
150125,41.55065099999999,-87.506187,17111,42.1541492501456,-88.34996378525864,60.18568166678957
150125,41.55065099999999,-87.506187,17111,42.15383058195776,-88.31091851748204,58.737629548639084
150125,41.55065099999999,-87.506187,17111,42.15383064795772,-88.2722100867411,57.35123461371087
150125,41.55065099999999,-87.506187,17111,42.15424664989623,-88.23467063760391,56.06283759019398